{
  "name": "porco",
  "bio": "cerdo mas que nunca",
  "profilePicture": "/uploads/JAlcocerTech_xyz_logo2.png",
  "url": "https://elmundodeloscerdos.com",
  "blog": false,
  "iconLinks": [
    {
      "id": "b41f39db-3139-4a82-956f-08758b65676f",
      "icon": "github",
      "url": "https://yosuaporco.fyi"
    },
    {
      "id": "37dd431f-ba11-4463-907d-0ac733e00ad0",
      "icon": "instagram",
      "url": "https://libreportfolio.fyi"
    }
  ],
  "customLinks": [
    {
      "id": "83ca41c9-16a7-4974-b3b2-9f1c55ef3c18",
      "title": "hola",
      "url": "https://hola.com"
    }
  ]
}